screen_name,state,URLs
AZSenateGOP,Arizona,"http://tinyurl.com/h7hsacq,http://tinyurl.com/h8lbety,http://tinyurl.com/hgtttdw,http://tinyurl.com/hmvmbgu,http://tinyurl.com/jrx8sjx"
ColoSenGOP,Colorado,"http://bit.ly/1R7zZLw,http://blogs.denverpost.com/thespot/2016/01/11/what-you-need-to-know-about-the-colorado-legislature-in-3-graphics/124405/,http://blogs.denverpost.com/thespot/2016/01/14/hickenloopers-wedding-sendoff-state-of-the-state-address/124494/,http://blogs.denverpost.com/thespot/2016/01/27/republicans-gun-advance-bill-easing-concealed-firearm-rules-in-colorado/124762/,http://co.chalkbeat.org/2016/01/27/budget-panel-offers-a-bit-of-extra-cash-for-schools/#.VqqOOv9dHIX,http://coloradoga.granicus.com/MediaPlayer.php?view_id=43&event_id=3663,http://coloradoga.granicus.com/MediaPlayer.php?view_id=43&event_id=3703,http://coloradoga.granicus.com/MediaPlayer.php?view_id=85&event_id=3663,http://coloradopeakpolitics.com/2016/01/11/frank-ly-wrong-denver-post-tries-to-paint-senate-as-split-using-lefts-talking-points/,http://coloradopeakpolitics.com/2016/01/22/water-war-bennet-sides-with-obama-against-colorado-water-wotus/,http://completecolorado.com/pagetwo/2016/01/24/hickenlooper-polling-shows-people-would-r"
FloridaGOP,Florida,"http://abcnews.go.com/Politics/clintons-advantage-hits-campaign-low-lags-trust-leading/story?id=36524847,http://americarisingpac.org/clinton-continues-to-lie-to-iowa-voters-on-bipartisan-record/,http://americarisingpac.org/the-clinton-campaign-is-really-worried-about-iowa/,http://bit.ly/1mZEDiy,http://bit.ly/1OGKtuV,http://bit.ly/1PFBhYr,http://bit.ly/1PpuaZU,http://bit.ly/gopprespoll,http://dailycaller.com/2016/01/26/clinton-chief-of-staff-lost-her-personal-blackberry-which-contained-classified-emails/,http://dailycaller.com/2016/01/29/msnbc-fbis-hillary-investigation-far-more-advanced-than-public-knows/,http://florida.gop/foxbusdebate114,http://florida.gop/key_moments_dem_townhall,http://florida.gop/questionsforhillary,http://florida.gop/stop_hillary,http://floridapolitics.com/archives/197615-more-than-23000-sign-petition-calling-for-dnc-to-remove-debbie-wasserman-schultz-as-chair,http://floridapolitics.com/archives/199265/florida-republicans-to-work-on-minority-millennial-outreach,http://freebeacon.com/pol"
FLSenateGOP,Florida,"http://bit.ly/1kPOe9r,http://bit.ly/1mIvE4t,http://bit.ly/1ZPQNM2,http://bit.ly/LhQ81C,http://fb.me/751UvzGrK,http://floridapolitics.com/archives/198224-vocational-rehab-performance-improvement-plan-clears-higher-education-committee,http://fw.to/Mkfoovb,http://www.fox13news.com/news/local-news/67283688-story,http://www.tcpalm.com/news/politics/local/senate-passes-negron-bill-to-prohibit-state-business-with-anti-israel-companies-29cd6f54-ac59-477f-e-366091371.html,https://twitter.com/lizbethkb/status/689098518145961984"
gophawaii,Hawaii,"http://bit.ly/1lpk0KK,http://bit.ly/1lQWnv1,http://dlvr.it/DJqkym,http://eepurl.com/bM6c6z,http://eepurl.com/bMOH71,http://fb.me/40bKq6f68,http://fxn.ws/1IZA1mn,http://goo.gl/broqIX,http://goo.gl/MXlBBB,http://goo.gl/rTYgOx,http://gophawaii.com/?page_id=822,https://twitter.com/FoxNews/status/692120168525361153,https://twitter.com/FoxNews/status/692120255032852482,https://twitter.com/HawaiiHouseGOP/status/687439110919696386,https://youtu.be/hJgoR2CFefA"
gov_gilmore,na,"http://53eig.ht/1KdV8lc,http://abcn.ws/1H3IxIB,http://bit.ly/1RxGNkp,http://bostonheraldradio.com,http://go.usa.gov/cn7Xw,http://livestream.com/GFV/SCTEAPARTY,http://nation.foxnews.com/2016/01/28/google-searches-jim-gilmore-spike-700-percent,http://nbcnews.to/1lXMj3b,http://ow.ly/WNCy7,http://seacoastonline.com/article/20160122/NEWS/160129579,http://southcarolinateapartycoalition.com,http://tinyurl.com/GilmoreOnIssues,http://tun.in/seq5p,http://tunein.com/radio/The-Alan-Colmes-Show-p20005/,http://washex.am/1Q4wBvx,http://washex.am/1ROshWU,http://wpo.st/_8a71,http://www.c-span.org/video/?401497-14/presidential-candidate-jim-gilmore-republican-jewish-coalition-presidential-forum,http://www.c-span.org/video/?403550-8/firstinthenation-presidential-town-hall-james-gilmore,http://www.foxnews.com/live-coverage/fox-news-google-gop-debate,http://www.gilmoreforamerica.com,http://www.gilmoreforamerica.com/barnstorms/,http://www.gilmoreforamerica.com/issues/restoring-americas-economy/,http://www.gilmoreforamerica.com/vet"
HeatherCarterAZ,Arizona,"http://fb.me/3lxDGpaPl,http://fb.me/4oTieJETf,http://fb.me/6X72wd2HE,https://shar.es/16G4Sn,https://twitter.com/arma_docs/status/693498090469261316,https://twitter.com/uaphxfamilymed/status/692417718532902912"
IASenateGOP,Iowa,"http://iasen.gop/011116,http://iasen.gop/1OmCV3f"
IdahoGOP,Idaho,"http://580kido.com/gop-debate-watch-party-this-thursday-night/,http://danaradio.com,http://fb.me/2fn3rjWMC,http://frontloading.blogspot.com/2016/01/2016-republican-delegate-allocation_25.html?m=1#.VqakMQtWXMU.twitter,http://gop.cm/1O6eViH,http://hill.cm/Un0O6dX,http://idahoptv.org/insession/,http://LeadRight2016.com,http://nyti.ms/1kA9u2Z,http://politi.co/1KJ6VCQ,http://wapo.st/1KIUebj,http://washex.am/20b4l4Z,http://www.buzzfeed.com/claudiakoerner/inspector-general-clinton-emails-contained-information-beyon,http://www.idgop.org/page/winter-meeting,https://gop.com/continuing-the-dream-by-committing-to-community/,https://twitter.com/bretbaier/status/687101292334854145,https://twitter.com/foxnews/status/692121103913914368,https://twitter.com/idahogop/status/685608892324159489,https://twitter.com/injo/status/691833385048805384,https://twitter.com/jamilsmith/status/691825725440135169,https://twitter.com/naghmehabedini/status/688371354165325826,https://twitter.com/randpaul/status/691815266632798208,https://vine.co"
ILSenateGOP,Illinois,"http://cityclub-chicago.org/live,http://fb.me/24gvc3JFu,http://fb.me/2gAVtaMQ9,http://fb.me/2HpPtk2yb,http://fb.me/2IHVhbeaF,http://fb.me/2tlnFqbT1,http://fb.me/2uy9R0bcA,http://fb.me/3gxK1flND,http://fb.me/3h9rBocDS,http://fb.me/3i0bMNNkJ,http://fb.me/3I7Bp74vf,http://fb.me/4nKt5GOQo,http://fb.me/5Cf7GuP1H,http://fb.me/75oX5mItF,http://fb.me/76vVHDYGo,http://fb.me/7EhLNeWjQ,http://fb.me/7MS2BkOHW,http://fb.me/7sJPYoTZC,http://fb.me/84v333vDT,http://fb.me/Uc8Lq8Os,http://www.wandtv.com/story/30960527/senate-meets-no-ground-made-on-new-state-budget"
indgop,Indiana,"http://bit.ly/1GZgOsy,http://bit.ly/1JajUuZ,http://bit.ly/1JTVkjZ,http://bit.ly/1Jv7mn0,http://bit.ly/1KYiQ2b,http://bit.ly/1MxQm1l,http://bit.ly/1nq3FaK,http://bit.ly/1ny8LSf,http://bit.ly/1OdCB4C,http://bit.ly/1Oe6MLl,http://bit.ly/1OGYoY9,http://bit.ly/1PaSqcp,http://bit.ly/1RaD4dJ,http://bit.ly/1SKAyLQ,http://bit.ly/1SKxv6o,http://bit.ly/1SxKice,http://bit.ly/1Z8PF60,http://bit.ly/205feSo,http://bit.ly/20gKuxT,http://bit.ly/232yfqY,http://bit.ly/233222N,http://bucshon.house.gov/press-release/dr-bucshon-responds-sotu-0,http://content.govdelivery.com/accounts/INDOT/bulletins/12e2359#.Voqck-yZWuN.twitter,http://costs--bit.ly/20gKuxT,http://goo.gl/tsgU0s,http://in.gov/gov,http://indgop.org/join-your-county-party,http://indgop.org/second-amendment,http://indy.st/1mYEivY,http://indy.st/1nCQzal,http://indy.st/1OUqonW,http://indy.st/1PJeAXS,http://indy.st/1PVsRMI,http://indy.st/1TEDxTr,http://indypolitics.org/2016/01/04/senate-gop-candidates-to-debate-january-16/,http://njour.nl/s/235905?oref=t.co,http://on.fb.me"
JebBush,na,"http://abcnews.go.com/live?stream=3,http://bbc.in/1O4rj50,http://bigstory.ap.org/article/9ab669cada3b47cfaa3e6793a3ca6faa/kerry-rejects-iranian-criticism-us-sanctions,http://bloom.bg/1S6BolG,http://cnn.it/1PjYgMF,http://fxn.ws/1KhdVGS,http://fxn.ws/1OBNQGB,http://jeb.cm/1JCJqQR,http://jeb.cm/1JcwK34,http://jeb.cm/1JFGses,http://jeb.cm/1JKaRbu,http://jeb.cm/1JKayOa,http://jeb.cm/1JlfbgY,http://jeb.cm/1JZHkum,http://jeb.cm/1JZWnPu,http://jeb.cm/1K2nadK,http://jeb.cm/1K5BWG4,http://jeb.cm/1kAcsob,http://jeb.cm/1kAcsV6,http://jeb.cm/1KIpRS7,http://jeb.cm/1KnjP9i,http://jeb.cm/1kPSxlg,http://jeb.cm/1KwXkPw,http://jeb.cm/1KzPZi5,http://jeb.cm/1mDbqsS,http://jeb.cm/1MTuckV,http://jeb.cm/1mWa3FN,http://jeb.cm/1nlROKy,http://jeb.cm/1OCSmV6,http://jeb.cm/1Pe3k79,http://jeb.cm/1QqUGiM,http://jeb.cm/1QvhzDr,http://jeb.cm/1QwhHkm,http://jeb.cm/1Rx9jo7,http://jeb.cm/1SJNW1K,http://jeb.cm/1SK3zY2,http://jeb.cm/1SkIWly,http://jeb.cm/1Sxatin,http://jeb.cm/1SZA6IN,http://jeb.cm/1T2wYMc,http://jeb.cm/1Tabf54,http://jeb.cm/1TPJN"
JohnKasich,na,"http://americanresearchgroup.com/pres2016/primary/rep/nhrep.html,http://cnn.it/1OIGuit,http://cnn.it/1PVkgy4,http://cnnpolitics.com,http://JohnKasich.com,http://JohnKasich.com/App,http://JohnKasich.com/Deadline,http://JohnKasich.com/DesMoinesDebate,http://JohnKasich.com/Donate,http://JohnKasich.com/IowaCaucus,http://johnkasich.com/nationalsecurity/,http://JohnKasich.com/NHDeployment,http://JohnKasich.com/Pennsylvania,http://JohnKasich.com/PhoneFromHome,http://JohnKasich.com/ResultsNow,http://JohnKasich.com/Volunteer,http://money.cnn.com/2015/08/13/news/companies/ford-truck-mexico-ohio/,http://OhioMeansJobs.com,http://on.fb.me/20bFjmf,http://overtimepolitics.com/donald-trump-leads-john-kasich-by-15-points-in-new-hampshire-30-15/,http://ow.ly/i/fGqtN,http://qctimes.com/news/local/government-and-politics/elections/quad-city-times-endorsements/collection_b1224d11-6259-5514-9875-4337caac01b6.html,http://SinkingJeb.com,http://thehill.com/policy/energy-environment/257078-kasich-energy-plan-would-repeal-obama-rules-b"
KansasSenateGOP,Kansas,"http://kansas.gov,http://www.kansansforjustice.com,http://www.kslegresearch.org/KLRD-web/Publications/AppropriationsRevenue/KansasStatewideEfficiencyInterimRpt2016Jan12.pdf,http://www.morningsun.net/news/20160122/law-would-require-local-vote-on-taxes,http://www.therepublic.com/view/story/d2beb395c7ff43d8842c3ceab9e57869/KS--Legislature-Opening-Day"
KYSenateGOP,Kentucky,"http://bit.ly/1RRwdF4,http://bit.ly/1Z3TMux,http://bit.ly/CapitolConnection,http://events.r20.constantcontact.com/register/event?oeidk=a07eawsn0pm7cab2565&llr=5tik4keab,http://fb.me/4iuBAN8NQ,http://KET.org/legislature,http://ket.org/live,http://ow.ly/XJs3e,http://www.ket.org/legislature,http://www.ket.org/legislature/,http://www.ket.org/legislature/?legislation=senate&autoplay=true,http://www.ket.org/live,http://www.ket.org/public-affairs/on-the-eve-of-a-new-legislative-session/,http://www.ket.org/public-affairs/senate-president-robert-stivers/,http://www.lrc.ky.gov/legislative_calendar/index.aspx,https://kysenategop.wordpress.com/2016/01/06/kentucky-senate-majority-files-priority-legislation-for-2016-regular-session/,https://kysenategop.wordpress.com/2016/01/21/kentucky-senate-cancels-january-22-session-due-to-winter-storm-jonas/,https://kysenategop.wordpress.com/2016/01/30/senator-robert-stivers-on-the-passing-of-georgia-powers/,https://m.facebook.com/story.php?story_fbid=1691579921087649&id=16913169044472"
lagop,Louisiana,"http://klfy.com/2015/12/30/dardenne-raising-taxes-among-options-to-fix-louisianas-budget-crisis/,http://taxfoundation.org/article/state-and-local-sales-tax-rates-2015,http://theadvocate.com/news/14688093-93/louisiana-gov-john-bel-edwards-keeps-bobby-jindal-era-salaries-he-criticized-as-exorbitant,http://thehayride.com/2016/01/fail-not-only-did-john-bel-edwards-lie-about-who-gets-the-credit-for-fixing-i-10-in-baton-rouge-he-lied-about-every-aspect-of-the-story/,http://thehayride.com/2016/01/john-bel-edwards-dhh-secretary-is-absolutely-awful-and-her-appointment-shows-he-lied-during-his-campaign/,http://www.lagop.com/blog/2016/1/13/edwards-medicaid-expansion-is-bad-fiscal-and-health-care-policy,http://www.lagop.com/blog/2016/1/14/obama-doesnt-have-a-clue-about-louisiana-but-he-did-stay-at-a-holiday-inn-express-last-night,http://www.lagop.com/blog/2016/1/19/hillary-clintion-cashing-in-on-landrieu-favors,http://www.lagop.com/blog/2016/1/8/become-a-delegate-to-the-2016-rnc-national-convention,https://twitter.com/la"
mainegop,Maine,"http://bdn.to/wmqn,http://mainesenatepresident.com/emergency-drug-legislation-signed-into-law/,http://mehousegop.org/2016/01/19/house-republican-leaders-statements-on-passage-of-drug-treatment-bill/,http://www.mainegop.com/chairmans-statement-on-passing-of-senator-lois-snowe-mello/#.VqZqaNrDS4o.twitter,http://www.mainegop.com/irresponsible-emily-how-emily-cains-past-rhetoric-about-iran-deal-proves-her-position-was-irresponsible/#.VqZY4ohse-o.twitter,http://www.mainegop.com/shifty_shady/#.VpgNIhb0pvY.twitter,http://www.themainewire.com/2016/01/fight-heroin-epidemic/,https://twitter.com/reppoliquin/status/686616769151299584"
marcorubio,na,"http://apne.ws/1mWNUHS,http://cash.me/$MarcoRubio,http://cnn.it/1OOa6OP,http://cnn.it/1OSRqzh,http://cnn.it/1W5qFXY,http://dmreg.co/1PuIjPh,http://freebeacon.com/national-security/clinton-considered-secret-plan-to-spark-palestinian-protests/,http://marcorubio.com,http://marcorubio.com/debate,http://marcorubio.com/volunteer,http://natl.re/yPU9ga,http://news.yahoo.com/only-ap-oldest-christian-monastery-073600243.html,http://on.wsj.com/1IG4Yvt,http://rub.io/2JiCAx,http://rub.io/4MBp3o,http://rub.io/4rHQcr,http://rub.io/6gJrmb,http://rub.io/6rz2XY,http://rub.io/6WPTeL,http://rub.io/6yCcEZ,http://rub.io/7hk4Ak,http://rub.io/8ESHQH,http://rub.io/8k38q7,http://rub.io/9WpntW,http://rub.io/AzGoQ7,http://rub.io/AZN5ud,http://rub.io/BApt1d,http://rub.io/bjZkaU,http://rub.io/BPqT2D,http://rub.io/Byah7v,http://rub.io/C3VSuF,http://rub.io/cHSpH7,http://rub.io/CNuSiJ,http://rub.io/commit,http://rub.io/d9i3a7,http://rub.io/debate,http://rub.io/DEMctp,http://rub.io/Dfujmv,http://rub.io/DiDaKx,http://rub.io/DqDVsd,http://rub.i"
massgop,Massachusetts,"http://bit.ly/1NkrrJN,http://cnn.it/1JgCjgQ,http://scituate.wickedlocal.com/news/20160106/legislative-highlights-hedlund-recalls-most-rewarding-work-within-district,http://www.bostonglobe.com/metro/2016/01/19/baker-gets-signatuure-charter-school-petition/8Nigg1Kw1KAcCsej849SGO/story.html,http://www.bostonglobe.com/metro/2016/01/20/sen-joyce-pay-nearly-resolve-issues-related-using-campaign-funds-for-son-party/OAVHqGDMDmYuCxFU2SqTKL/story.html,http://www.bostonglobe.com/news/politics/2016/01/20/state-party-chairman-leaning-toward-sanders/OCoe5qLhvBR58gaeeP5H1I/story.html,http://www.bostonherald.com/news/columnists/hillary_chabot/2016/01/chabot_elizabeth_warren_warming_to_idea_of_a_ge_in_boston,http://www.bostonherald.com/opinion/editorials/2015/12/editorial_toast_to_local_control,http://www.bostonherald.com/opinion/editorials/2016/01/editorial_beast_that_must_be_tamed,http://www.bostonherald.com/opinion/editorials/2016/01/editorial_senate_should_step_up,http://www.bostonherald.com/radioplayer/,http://www.eaglet"
mdsenategop,Maryland,http://fb.me/2lxSVFeCF
MISenate,Michigan,"00.html,4668,7-277-74857_74858---,http://1.usa.gov/1njLeo4,http://1.usa.gov/1OtGW3K,http://bit.ly/1KKf61E,http://bit.ly/1mFI1ig,http://bit.ly/1mYvN4G,http://bit.ly/1nm8IJi,http://bit.ly/1OGNqN0,http://bit.ly/1OL9LZT,http://bit.ly/1OLop3l,http://bit.ly/1PE1DQC,http://bit.ly/1PF14py,http://bit.ly/1PHJilN,http://bit.ly/1Pkp80Y,http://bit.ly/1Pn5cdN,http://fb.me/7TSeSAQTu,http://ow.ly/WOgYV,http://senate.michigan.gov,http://www.freep.com/story/money/business/michigan/2016/01/02/5-trends-watch-state-economy/78012668/,http://www.michigan.gov/snyder/0,https://twitter.com/JohnMProos/status/684475846392987648,https://twitter.com/MichStatePolice/status/690591273296752641"
MissouriGOP,Missouri,"http://clk.gop/2ekojX,http://clk.gop/2KWSyw,http://clk.gop/5yC8H3,http://clk.gop/8vSw3m,http://clk.gop/8X5ZNh,http://clk.gop/9Rg4TX,http://clk.gop/aTwoAj,http://clk.gop/BnesUk,http://clk.gop/boqesw,http://clk.gop/C179Yb,http://clk.gop/cTMrBU,http://clk.gop/fF8bFF,http://clk.gop/fYxtSo,http://clk.gop/hTQjt9,http://clk.gop/hVQC5k,http://clk.gop/JmkH6u,http://clk.gop/jV2dcG,http://clk.gop/kJszLq,http://clk.gop/kX35uM,http://clk.gop/LSzgcj,http://clk.gop/pnJdR5,http://clk.gop/qKNdnF,http://clk.gop/QQXGcM,http://clk.gop/qUmLbj,http://clk.gop/ra9VRN,http://clk.gop/Rsd96t,http://clk.gop/sdu5Yd,http://clk.gop/sSRy8m,http://clk.gop/VWuTsx,http://clk.gop/wHqAWJ,http://clk.gop/wJgMpb,http://clk.gop/y9u5QC,http://clk.gop/YRT7U5,http://clk.gop/z4mqLv,http://lincolndays.missouri.gop,http://missouri.gop/volunteer,http://missouri.gop/volunteer/,http://mogop.org,http://www.missourinet.com/2016/01/19/2016-missouri-state-of-the-state-address/,https://amp.twimg.com/v/9c2a41a0-1718-415b-8b0f-ca0a26c6cf01,https://lincolndays.misso"
mnsrc,Minnesota,"http://bit.ly/1JTNqac,http://bit.ly/1SdSnmJ,http://bit.ly/1SJW8z7,http://bit.ly/1UzWLK9,http://buff.ly/1l77vDq,http://buff.ly/1ZaFSXK,http://cnnmon.ie/1RA8cni,http://strib.mn/1nRlNdn,http://strib.mn/1UPGfpj,http://www.senate.leg.state.mn.us/jobs/employment_postings/view_job.php?id=170,https://twitter.com/chrissnowbeck/status/689832494745554944,https://twitter.com/MinnPost/status/689827261462265857,https://twitter.com/pioneerpress/status/684608747029839873,https://twitter.com/StarTribune/status/684192705673445378,https://www.periscope.tv/w/aXJpvjI2NTUzODJ8MUx5eEJWbXBBTG94Tp7QB4qpxhKDsdvDHKkBBpmGiyYIJrp1i0Udp552wbzr,https://www.periscope.tv/w/aXJs3jI2NTUzODJ8MXJteFBsd2xwZUx4TpdClkiWSkkKxgYz-AqOUHjFVyPb5FHd92EfownXfuxc,https://www.youtube.com/watch?v=_Yz0whV45Es,https://youtu.be/8fG4mMIS3TI"
MSGOP,Mississippi,"http://1.usa.gov/1kPlKNg,http://bit.ly/1ONS3Up,http://cnn.it/1RhUlSJ,http://cnn.it/1RhUqWB,http://hill.cm/lcEgVf1,http://mdah.state.ms.us/new/news/hil-2016/,http://ow.ly/X6Y0u,http://spencerritchie80.polldaddy.com/s/who-won-last-night-s-debate,http://www.foxnews.com/politics/2016/01/19/inspector-general-clinton-emails-had-intel-from-most-secretive-classified-programs.html,http://www.mpbonline.org/,http://www.mpbonline.org/blogs/news/2016/01/12/live-inauguration-of-gov-phil-bryant/,http://www.msgop.org/2016-presidential-straw-poll/,http://www.msgop.org/donate/,http://www.supertalk.fm/listen/,http://www.washingtonexaminer.com/article/2580920/,https://594310.content.nlgrid.com/wf/webmail?rp=ZTI1bGQzTnNaWFIwWlhKZmFXUTZNVEl6TkN4MWMyVnlYMmxrT2pJMU5qVTBmUWV5SnVaWGR6YkdWMGRHVnlYMmxrSWpvaU1qRTRNemswT0RjaUxDSnVaWGR6YkdWMGRHVnlYM1Z6WlhKZmFXUWlPalUyT0RreE5EQXdORE0yZlE9PQ%3D%3D,https://594310.content.nlgrid.com/wf/webmail?rp=ZTI1bGQzTnNaWFIwWlhKZmFXUTZNVEl6TkN4MWMyVnlYMmxrT2pJMU5qVTBmUWV5SnVaWGR6YkdWMGRHVnlYMmxrSWpvaU1qRT"
NancyBarto,Arizona,"http://nancybarto.com/wordpress/?p=3417,http://nancybarto.com/wordpress/?p=3428,https://twitter.com/ajbaghai/status/689594753319510016,https://twitter.com/arizotasocialme/status/689635597695123457,https://twitter.com/azeconomicnews/status/689492717634584576,https://twitter.com/buccerinancy/status/691971386391281669,https://twitter.com/callisto1947/status/681904427977076736,https://twitter.com/emilyjyu/status/688415541267070976,https://twitter.com/heathercarteraz/status/687127938551136256,https://twitter.com/katiepavlich/status/682299596576571392,https://twitter.com/kengreenberg/status/691975560055164928,https://twitter.com/mercymaricopa/status/685531602370207745,https://twitter.com/momiofaz/status/692474420540116992,https://twitter.com/repmattsalmon/status/690273992255496192,https://twitter.com/tumbleweedyouth/status/686585936742842369"
NCGOP,"North Carolina","http://abcnews.go.com/Politics/bernie-sanders-takes-slim-lead-hillary-clinton-iowa/story?id=36240514,http://bigstory.ap.org/article/da2688837137474b9f904d69106c1aae/state-department-declares-22-emails-hillary-clintons,http://bit.ly/1PIt1Nq,http://bit.ly/1PXIQwr,http://goo.gl/tCgDdt,http://instagram.com/p/BA2LPbPHdqA/,http://instagram.com/p/BBDToyDHdlp/,http://LeadRight2016.com,http://lockerroom.johnlocke.org/2016/01/14/nea-union-affiliates-are-hurtin/,http://sotu.gop.gov/,http://thehill.com/business-a-lobbying/lobbying-hires/265281-ex-sen-kay-hagan-joins-lobby-firm,http://time.com/4189537/bernie-sanders-hillary-clinton-poll-iowa/,http://washex.am/1OaEVJL,http://wfae.org/post/nc-asks-supreme-court-delay-us-clean-power-rules,http://www.carolinajournal.com/exclusives/display_exclusive.html?id=12745,http://www.charlotteobserver.com/news/politics-government/article53181805.html,http://www.forbes.com/sites/patrickgleason/2015/12/31/state-tax-changes/,http://www.forbes.com/sites/patrickgleason/2016/01/17/ge-departur"
NDGOP,"North Dakota","http://bit.ly/1ONnBQF,http://www.ndgop.org/?p=6879"
NEGOP,Nebraska,https://gop.com/clinton-stumbles-on-fresh-questions-regarding-emails/
NewMexicoGOP,"New Mexico","http://newmexico.gop/press-release/,http://nmpolitics.net/index/2016/01/gov-susana-martinezs-2016-state-of-the-state-address/,http://tinyurl.com/m5tyaya,http://www.foxbusiness.com/features/2016/01/11/where-can-watch-and-participate-in-gop-debate.html,http://www.youtube.com/watch?v=jC5PnEtx-E4,https://newmexico.gop/1357-2/"
NewYorkGOP,"New York","http://m.huffpost.com/us/entry/8913948,http://m.timesunion.com/tuplus-local/article/Churchill-Reasons-to-worry-about-15-minimum-wage-6772873.php,http://newyork.gop,http://www.foxnews.com/politics/2016/01/21/flare-out-mega-solar-company-slashing-jobs-despite-govt-benefits.html?intcmp=hplnws,http://www.nygop.org,https://twitter.com/fud31/status/686163791097282560"
NHGOP,"New Hampshire","http://abcnews.go.com/Politics/wireStory/ig-emails-clintons-server-top-secret-36381492,http://bit.ly/1ZmTuiC,http://bit.ly/207VuO8,http://fitn.gop/fitn-presidential-town-hall/,http://maggiesmia.tumblr.com/,http://nhgop.org/news-press/clinton-campaigns-with-first-in-the-nation-foe,http://nhgop.org/news-press/hassan-embarrassed-by-premature-gloating,http://nhgop.org/news-press/nh-tax-relief-takes-effect-despite-hassan-budget-veto,http://nhgop.org/news-press/nhgop-announces-speakers-for-fitn-presidential-town-hall,http://vtgop.org/first-in-the-nation-raffle/,http://www.fitn.gop,http://www.realclearpolitics.com/articles/2016/01/13/hillary_clintons_coming_legal_crisis_129293.html,http://www.seacoastonline.com/article/20160108/NEWS/160109376/101050/OPINION,http://www.wmur.com/politics/jeb-bush-confirms-appearance-at-nhgops-firstinnation-town-hall/37258572,https://twitter.com/alisonkingNECN/status/690226888464318465,https://twitter.com/AmericaRising/status/689577083303919617,https://twitter.com/BenSasse/status/69064"
OhioSenateGOP,Ohio,"http://eepurl.com/bNwiVH,http://m.newswatchman.com/news/article_b101d38b-31be-5f3a-b4d2-ca0f60e9f431.html?mode=jqm,http://ohiosenate.gov/faber/press/senate-president-faber-issues-statement-on-retirement-of-senator-widener,http://ohiosenate.gov/widener/press/widener-announces-plans-to-retire-after-more-than-two-decades-of-public-service,http://ow.ly/WL6fr,http://ow.ly/WTZFv,http://ow.ly/WuKBe,http://ow.ly/WXZr9,http://ow.ly/WztXG,http://ow.ly/X1ynq,http://ow.ly/X3Hgd,http://ow.ly/X4bwm,http://ow.ly/X7PLX,http://ow.ly/X7Rj5,http://ow.ly/XhEFv,http://ow.ly/XhViy,http://ow.ly/XKXeh,http://ow.ly/XLdpL,http://ow.ly/Xw2f4,http://ow.ly/Xy353,http://ow.ly/XywEt,http://timesgazette.com/news/5069/parking-for-veterans,http://www.lsc.ohio.gov/fellowship/,http://www.mansfieldnewsjournal.com/story/news/local/2016/01/07/spread-light-week-kicks-saturday/78431710/,http://www.ohiochannel.org/MediaLibrary/OhioChannelLive.aspx?liveStreamId=2,http://www.publicsafety.ohio.gov/video_challenge/index.html,http://www.wkyc.com/story/new"
PASenateGOP,Pennsylvania,"http://dlvr.it/DB53zN,http://dlvr.it/DBbcTz,http://dlvr.it/DBcZGn,http://dlvr.it/DCyyYc,http://dlvr.it/DD0DSH,http://dlvr.it/DGvfw9,http://dlvr.it/DKrkhd,http://dlvr.it/DKvRCW,http://dlvr.it/DLTvL5,http://dlvr.it/KKyvqC,http://dlvr.it/KKyz63,http://goo.gl/P020jO,http://PASenateGOP.com,http://senateaddress.pasen.gov"
RealBenCarson,na,"http://BenCarson.com,http://bencarson.com/events,http://bencarson.com/events/revive,http://bencarson.com/faith,http://bencarson.com/issues/foreign-policy,http://bencarson.com/issues/government-reform,http://bencarson.com/issues/immigration,http://bencarson.com/issues/tax-reform,http://bencarson.com/students,http://crsn.co/1JZNZ7O,http://crsn.co/1lrVZ5V,http://crsn.co/1nfNcWu,http://crsn.co/1nl5YLO,http://crsn.co/1OLSCz6,http://crsn.co/1ORmnO6,http://crsn.co/1P0DcXQ,http://crsn.co/1PQGrkD,http://crsn.co/1QmK4U0,http://crsn.co/1R9Iupv,http://crsn.co/1U7siTG,http://crsn.co/1UPDowA,http://crsn.co/1WN2zkY,http://crsn.co/1WN4nuu,http://crsn.co/1ZC9iyb,http://crsn.co/23ckQNa,http://crsn.co/BC2DCVolunteer,http://crsn.co/BCPrayerBreakfast,http://crsn.co/BCyardsigns,http://crsn.co/CarsonCyberSecurity,http://crsn.co/CarsonFlatTax,http://crsn.co/CarsonForeignPolicy,http://crsn.co/CarsonPrayerBox,http://crsn.co/CarsonPrayerBreakfast,http://crsn.co/DailyPrayerTopics,http://crsn.co/DefeatISIS,http://crsn.co/FairTaxSystem,ht"
realDonaldTrump,na,"http://abcn.ws/1QyqpQY,http://bit.ly/1ITGy1D,http://bit.ly/1KbvjCf,http://bit.ly/1niL6oL,http://bit.ly/1RD5e1w,http://blackrepublican.blogspot.com/2016/01/national-black-republican-association.html,http://illinoisreview.typepad.com/illinoisreview/2016/01/carson-supporter-files-to-oust-ted-cruz-from-illinois-gop-primary-ballot.html,http://insider.foxnews.com/2016/01/18/judge-jeanine-slams-haley-gop-establishment-start-supporting-your-partys-frontrunner,http://m.richmond.com/obituaries/article_80ca0100-a435-5a87-814b-03d039e997c2.html?mode=jqm,http://mobile.nytimes.com/2015/04/24/us/politics/at-new-york-reception-ted-cruz-is-said-to-strike-different-tone-toward-gays.html?referer=,http://mobile.wnd.com/2015/12/minorities-line-up-behind-donald-trump/,http://nbcnews.to/1Vnti6D,http://nypost.com/2016/01/31/trump-winning-over-latino-republicans-poll-says/,http://nyti.ms/1T2ddnW,http://nyti.ms/1WtXJcs,http://republicannewswatch.com/wp/?p=13982,http://therightscoop.com/media-gleefully-reporting-al-shabab-video-with-tr"
RhodeIslandGOP,"Rhode Island","http://bit.ly/1mSEIEz,http://bit.ly/1n76ltx,http://bit.ly/1ZavDb2,http://dlvr.it/DBkn1Y,http://go.turnto10.com/1Zar8gK,http://gop.cm/1O6eLaZ,http://instagram.com/p/BAxFUrqImIQ/,http://ow.ly/3yERvz,http://ow.ly/WACqH,http://ow.ly/WACRn,http://ow.ly/WARQA,http://ow.ly/WBZQH,http://ow.ly/WGvgJ,http://ow.ly/WH7Hb,http://ow.ly/WHqgu,http://ow.ly/WJ3jn,http://ow.ly/WJogI,http://ow.ly/WKe4N,http://ow.ly/WKebn,http://ow.ly/WKsCX,http://ow.ly/WKzUt,http://ow.ly/WMtYa,http://ow.ly/WN9JG,http://ow.ly/WN9nX,http://ow.ly/WpNqm,http://ow.ly/WPxbf,http://ow.ly/WPxo7,http://ow.ly/WPyt3,http://ow.ly/WR5IQ,http://ow.ly/WR6b6,http://ow.ly/WsFyL,http://ow.ly/WTTga,http://ow.ly/WvVoX,http://ow.ly/WWEag,http://ow.ly/WWIB6,http://ow.ly/WxibA,http://ow.ly/Wxmf4,http://ow.ly/WxrQg,http://ow.ly/WxSEo,http://ow.ly/WyHZj,http://ow.ly/WyIC7,http://ow.ly/WZGG5,http://ow.ly/WZI6w,http://ow.ly/X2VIH,http://ow.ly/X2WGX,http://ow.ly/X6uuH,http://ow.ly/X6uVW,http://ow.ly/X969v,http://ow.ly/XABKf,http://ow.ly/XBHu0,http://ow.ly/XBs81,http://ow."
scsenategop,"South Carolina","http://bit.ly/1lku8Vj,http://bit.ly/1RHyIeI,https://www.facebook.com/scsenategop/videos/10153870869282329/"
sdgop,"South Dakota","http://kelo.com/news/articles/2016/jan/04/noem-rounds-have-problems-with-obama-gun-control/,http://rapidcityjournal.com/now/today/rcj/most-depressing-statistics-for-south-dakota-democrats/collection_b33a5104-af17-11e5-bd2c-ffc990587c58.html,http://southdakotagop.com/,http://www.foxbusiness.com/features/2016/01/11/fox-business-network-to-live-stream-gop-presidential-debates-january-14.html,https://twitter.com/nelsonforsd/status/684359434227732480,https://www.youtube.com/watch?v=AqzGwlLCa9E&feature=youtu.be"
senatenj,"New Jersey","http://on.doi.gov/1SegX78,http://www.nj.com/morris/index.ssf/2016/01/christophers_law_honors_boy_killed_in_lake_hopatco.html#incart_river_home,http://www.nj.com/morris/index.ssf/2016/01/womans_perseverance_led_to_law_honoring_cop_who_di.html#incart_river_index,http://www.nj.gov/oag/dcj/humantrafficking/,http://www.senatenj.com/index.php/bateman/senate-passes-bateman-legislation-to-increase-standards-for-school-nurse-certification/25062,http://www.senatenj.com/index.php/district9/connors-rumpf-gove-repeal-the-death-tax/25432,http://www.senatenj.com/index.php/general/agenda-for-new-jersey-senate-session-on-thursday-january-7-2016/25050,http://www.senatenj.com/index.php/holzapfel/christie-signs-holzapfel-bill-to-protect-kids-from-being-hit-by-school-buses/25427#more-25427,http://www.senatenj.com/index.php/tomkean/kean-nj-dems-ongoing-panynj-obstruction-hurts-commuters-taxpayers/25063,http://www.senatenj.com/index.php/tomkean/now-law-kean-bill-to-create-e-drivers-license-opportunity/25356,http://www.senatenj.com/"
SenateRepCaucus,California,"http://bit.ly/1OvOovm,http://cssrc.us/content/senate-republican-leader-fuller-recognizes-korean-american-day,http://dlvr.it/DBj6Xv,http://dlvr.it/DBJ8qd,http://dlvr.it/DCbgzD,http://dlvr.it/DCBzb6,http://dlvr.it/DCC1f0,http://dlvr.it/DCC4Cn,http://dlvr.it/DChzd2,http://dlvr.it/DChzSc,http://dlvr.it/DCj0fs,http://dlvr.it/DCj19r,http://dlvr.it/DCj1N4,http://dlvr.it/DCj1ZC,http://dlvr.it/DCj3Nd,http://dlvr.it/DCj3vP,http://dlvr.it/DCj4M4,http://dlvr.it/DCj5Rm,http://dlvr.it/DDD4BX,http://dlvr.it/DFXbtj,http://dlvr.it/DFXdhZ,http://dlvr.it/DFXkcV,http://dlvr.it/DGdm6W,http://dlvr.it/DGXdrp,http://dlvr.it/DGXdSW,http://dlvr.it/DH3tqg,http://dlvr.it/DHcjg9,http://dlvr.it/DHX6xd,http://dlvr.it/DHX9vN,http://dlvr.it/DHXBjp,http://dlvr.it/DHXBmB,http://dlvr.it/DKRvWK,http://dlvr.it/DKYPmh,http://dlvr.it/DKzV6B,http://dlvr.it/DL51hq,http://dlvr.it/DLWfbL,http://dlvr.it/DLWhHh,http://dlvr.it/DLWk9M,http://dlvr.it/DLWm1J,http://dlvr.it/DLWm50,http://dlvr.it/DLWp0r,http://dlvr.it/DLWpwL,http://dlvr.it/DLWY7G,http://dlvr.i"
tedcruz,na,"http://tedcruz.org/events,http://votetedcruz.com/ia,http://www.c-span.org/video/?403939-1/ted-cruz-campaign-rally-iowa-city-iowa,https://amp.twimg.com/v/8581bf98-5060-477b-bb8e-543475db251b,https://twitter.com/iowacruzgirl/status/693834041099993089,https://twitter.com/jaketapper/status/693800968970977280,https://twitter.com/meetthepress/status/693797624718036993,https://twitter.com/right_pilot/status/693801836877352960,https://www.youtube.com/watch?v=7wHL9XlOPO0"
TNGOP,Tennessee,"http://abcn.ws/1mBUGTw,http://duncan.house.gov/press-release/gun-executive-orders-unconstitutional,http://fb.me/4dxSi3x5T,http://fleischmann.house.gov/press-release/fleischmann-votes-repeal-obamacare-and-defund-planned-parenthood,http://goo.gl/itwF8I,http://gop.com/what-they-are-saying-sanders-blowout/,http://gunsarenext.com,http://iwillchooselife.com/,http://latino.foxnews.com/latino/opinion/2016/01/28/reince-priebus-school-choice-lifts-all-communities/,http://nyti.ms/1l4icqo,http://on.wsj.com/1mJFjIx,http://ow.ly/WF6oW,http://ow.ly/WFnLk,http://politi.co/1OqNDnk,http://politi.co/1OYR98A,http://roe.house.gov/news/documentsingle.aspx?DocumentID=397974,http://spkrryan.us/1Sxzn1k,http://thehill.com/blogs/blog-briefing-room/news/264630-poll-most-name-government-americas-biggest-problem,http://tinyurl.com/jaxsdlq,http://tngop.org/events/,http://tngop.org/tngop-statement-commemorating-the-legacy-of-dr-martin-luther-king-jr/,http://tngop.org/tngop-statement-on-opening-of-second-session-of-the-109th-general-assembly"
UtahGOP,Utah,"http://utah.gop/caucus-hq/,https://www.facebook.com/UTGOP"
VASenateGOP,Virginia,http://fb.me/4bqZaixOu
WVGOP,"West Virginia","http://bit.ly/1PDZRis,http://bit.ly/1ZmKxWJ,http://campaign.r20.constantcontact.com/render?ca=1b0ef71e-9bb9-4ac4-b42a-d7e4b8afe5ad&c=d087aa40-7cba-11e3-b43d-d4ae52754950&ch=d1572f40-7cba-11e3-b497-d4ae52754950,http://campaign.r20.constantcontact.com/render?ca=24b23341-6256-4e80-91bc-053026f98343&c=04b00560-7cbb-11e3-baa0-d4ae52754950&ch=055d5c60-7cbb-11e3-bb31-d4ae52754950,http://campaign.r20.constantcontact.com/render?ca=31d03d63-848e-4a03-9b51-169be8884899&c=5e7129d0-7cbb-11e3-90d9-d4ae52754950&ch=5f1d9670-7cbb-11e3-913d-d4ae52754950,http://campaign.r20.constantcontact.com/render?ca=428378a4-c9d7-4885-a9e8-38c17b8ad10e&c=04b00560-7cbb-11e3-baa0-d4ae52754950&ch=055d5c60-7cbb-11e3-bb31-d4ae52754950,http://campaign.r20.constantcontact.com/render?ca=a172b11b-d756-41f4-a5c9-fb3f5919305b&c=d087aa40-7cba-11e3-b43d-d4ae52754950&ch=d1572f40-7cba-11e3-b497-d4ae52754950,http://campaign.r20.constantcontact.com/render?ca=a17dcef0-3e33-408f-9c00-8bddc1e57675&c=f7e65850-8211-11e3-961b-d4ae529cddd3&ch=f8233a40-8211-11e3-96"
